iter	MAE
0	0.8245875908
1	0.8016042246
2	0.7821508649
3	0.7703671569
4	0.7562414642
5	0.7380302227
6	0.7272230882
7	0.7158281192
8	0.7087904715
9	0.7013310173
10	0.6978394678
11	0.691761229
12	0.687168102
13	0.6841337583
14	0.6806907857
15	0.6793756875
16	0.6766471756
17	0.6670332027
18	0.6622088266
19	0.6532279371
20	0.6500536909
21	0.6407862372
22	0.6350460959
23	0.6340797119
24	0.6323813595
25	0.6257437325
26	0.623077084
27	0.6196796196
28	0.6192269894
29	0.6155103062
30	0.6140814654
31	0.6109699089
32	0.6070601519
33	0.602473923
34	0.6001686793
35	0.597331055
36	0.5962665594
37	0.5936332048
38	0.5926091027
39	0.5899866294
40	0.5890358946
41	0.5824140906
42	0.5817566722
43	0.5810204634
44	0.5738066263
45	0.5713358738
46	0.5711868678
47	0.5697044902
48	0.5695938467
49	0.5692990097
50	0.5646507442
51	0.5643239974
52	0.5611656532
53	0.5607432139
54	0.5605246486
55	0.5569537152
56	0.5556344789
57	0.5557639992
58	0.5500136316
59	0.5493696264
60	0.548774383
61	0.5476564133
62	0.5467574395
63	0.5363596292
64	0.5291486279
65	0.5287544
66	0.5234883006
67	0.5210026572
68	0.5206664337
69	0.5202963672
70	0.5200102408
71	0.5186096746
72	0.5151548224
73	0.5138876895
74	0.5127842933
75	0.512541115
76	0.5118784613
77	0.5116502018
78	0.5111135908
79	0.5094217411
80	0.5085018252
81	0.5083992453
82	0.5059079969
83	0.5047140769
84	0.5045960456
85	0.5032640502
86	0.502823601
87	0.5027621547
88	0.4996489142
89	0.4986865747
90	0.4967572686
91	0.4951242695
92	0.4946482666
93	0.4944028715
94	0.4940442731
95	0.4927694922
96	0.4919640491
97	0.491550714
98	0.4885581193
99	0.4842646443
100	0.483385005
101	0.4832214594
102	0.4798681593
103	0.4793895505
104	0.4770133059
105	0.4763768941
106	0.4760076366
107	0.4745265064
108	0.4743804596
109	0.4727170905
110	0.4721194625
111	0.4709873214
112	0.4699426872
113	0.4698530676
114	0.4617059842
115	0.461657164
116	0.4607760316
117	0.4589890795
118	0.4586816649
119	0.4578363444
120	0.4568093168
121	0.4512656917
122	0.4491095552
123	0.4485617472
124	0.4483596385
125	0.4480589934
126	0.4459975337
127	0.4457873475
128	0.4452733227
129	0.4430442393
130	0.4419721597
131	0.4417260316
132	0.4408933623
133	0.4408607441
134	0.440811315
135	0.4406652566
136	0.4406792734
137	0.4398414091
138	0.4393710125
139	0.4394554647
140	0.4382288013
141	0.4379280632
142	0.4365176653
143	0.4360808355
144	0.4358692644
145	0.435865369
146	0.4354854719
147	0.4350964246
148	0.434627293
149	0.4346298453
150	0.4345143899
151	0.4343254984
152	0.4342547608
153	0.4338969073
154	0.4338598399
155	0.4333113062
156	0.4331211357
157	0.433014688
158	0.4322801843
159	0.4311919045
160	0.4308138833
161	0.4298423726
162	0.4295992518
163	0.4295996045
164	0.4292378837
165	0.4291001072
166	0.4288110662
167	0.4278400332
168	0.4277480448
169	0.4271886579
170	0.4264606587
171	0.4260785696
172	0.424960829
173	0.4216457768
174	0.420894722
175	0.4188193905
176	0.418279059
177	0.4180971871
178	0.4136142197
179	0.4123952163
180	0.4107326982
181	0.4105201441
182	0.4101750804
183	0.4093571867
184	0.4081897939
185	0.4079003731
186	0.4075439966
187	0.4075002541
188	0.4071279972
189	0.4070954619
190	0.4069387213
191	0.4066719691
192	0.4060148036
193	0.4056730466
194	0.4054843036
195	0.4044635787
196	0.4041835275
197	0.403546228
198	0.4022841785
199	0.4021994287
200	0.4022054835
201	0.4022010809
202	0.4020481095
203	0.4018815552
204	0.4016812764
205	0.4016496784
206	0.4012554919
207	0.4009609133
208	0.4006818285
209	0.4006197816
210	0.4005382649
211	0.4004217019
212	0.400377188
213	0.3976462632
214	0.3965779448
215	0.3953080545
216	0.3912175769
217	0.3909168785
218	0.3908078968
219	0.3905452117
220	0.3899566462
221	0.3897154038
222	0.3885269051
223	0.3863107519
224	0.3847554069
225	0.3834485191
226	0.3830268915
227	0.3828830184
228	0.3827099357
229	0.3819642216
230	0.3818111006
231	0.3818112547
232	0.3817940473
233	0.381746297
234	0.3804426023
235	0.3802690227
236	0.3796677458
237	0.3796094219
238	0.3791708457
239	0.3790218576
240	0.3788581856
241	0.37859029
242	0.3784680334
243	0.3784291464
244	0.3784216765
245	0.3782803877
246	0.3780038246
247	0.3778324167
248	0.3773072998
249	0.3771748093
250	0.3770811255
251	0.3770542484
252	0.3770380607
253	0.3767822476
254	0.3719160423
255	0.3717888199
256	0.3713818676
257	0.3709406062
258	0.3684974798
259	0.3682623375
260	0.3678239211
261	0.3674132264
262	0.3672558957
263	0.3670814443
264	0.3669959352
265	0.3671238021
266	0.3674727609
267	0.3672218282
268	0.3671778286
269	0.3671351049
270	0.3670250459
271	0.3634497746
272	0.3630286935
273	0.3627089876
274	0.3624979873
275	0.3623917928
276	0.3620013452
277	0.3619750169
278	0.3619181558
279	0.3617204781
280	0.361699002
281	0.3614991027
282	0.3613901643
283	0.3603392148
284	0.3600401252
285	0.3598193354
286	0.359760191
287	0.359699458
288	0.3596470251
289	0.3595783408
290	0.3595105735
291	0.3593312975
292	0.3592183693
293	0.3591352031
294	0.3588349529
295	0.3586272714
296	0.358576949
297	0.3584526596
298	0.3583539851
299	0.3581551247
300	0.3579305716
301	0.3575849918
302	0.3575297831
303	0.3574837631
304	0.357034859
305	0.3570112366
306	0.3569374716
307	0.3567922735
308	0.3566836649
309	0.3566026941
310	0.3564970277
311	0.3564328646
312	0.356377043
313	0.3563552811
314	0.3561716277
315	0.3561227088
316	0.3559451761
317	0.3556968734
318	0.3556822948
319	0.3554198884
320	0.3552901522
321	0.3551778976
322	0.3551675402
323	0.3551605376
324	0.3547111934
325	0.3546703959
326	0.3546338183
327	0.3540449351
328	0.3538592161
329	0.3538547451
330	0.3537682618
331	0.3534957685
332	0.3534120009
333	0.3533226035
334	0.3533036657
335	0.3532838146
336	0.3531724316
337	0.353144777
338	0.3531192974
339	0.3530082136
340	0.3516243133
341	0.3515887665
342	0.351409318
343	0.351389991
344	0.3513299145
345	0.351253028
346	0.3512428557
347	0.3511714294
348	0.351128037
349	0.3503146358
350	0.350287372
351	0.3501772672
352	0.3501639682
353	0.3500733855
354	0.350027598
355	0.3497690048
356	0.3497442672
357	0.3496913061
358	0.3496675872
359	0.3496514088
360	0.3496522419
361	0.3493941383
362	0.3493631688
363	0.349275303
364	0.3492210585
365	0.3490989237
366	0.3488436928
367	0.3483203108
368	0.3483140387
369	0.3479635911
370	0.3478478366
371	0.3473411273
372	0.3473242541
373	0.3472894235
374	0.3472225943
375	0.3471796762
376	0.3471434826
377	0.3470236654
378	0.3469379045
379	0.3469079072
380	0.3469007065
381	0.3466920783
382	0.346653189
383	0.3466151082
384	0.3466097101
385	0.3464222815
386	0.3463752015
387	0.3460480846
388	0.3456651131
389	0.3456842251
390	0.3456620464
391	0.345625217
392	0.3455323159
393	0.3455067304
394	0.3454309686
395	0.3454300442
396	0.3453918814
397	0.3453608801
398	0.3448213562
399	0.3445757858
400	0.3445416994
401	0.3444725113
402	0.3444400672
403	0.3443809716
404	0.3443590897
405	0.344280017
406	0.344176391
407	0.343643324
408	0.343707557
409	0.3435855897
410	0.3434917536
411	0.3435233662
412	0.3432491138
413	0.3432164783
414	0.3431222419
415	0.3431304203
416	0.3430226693
417	0.3429294223
418	0.3427633645
419	0.3423109021
420	0.3420384002
421	0.3419536423
422	0.3419519626
423	0.3418894766
424	0.3418277225
425	0.3418238899
426	0.3418152592
427	0.3417461736
428	0.3416999344
429	0.3416475131
430	0.3415266326
431	0.3414944579
432	0.3414246062
433	0.3413160035
434	0.3412665531
435	0.3412340884
436	0.3400010158
437	0.3398811041
438	0.3397862163
439	0.3397483191
440	0.3396841648
441	0.3396344408
442	0.3396071061
443	0.3395309293
444	0.3395096778
445	0.3392959274
446	0.3392795754
447	0.3392199989
448	0.3391297115
449	0.3391106609
450	0.3391101993
451	0.3390683327
452	0.3390511581
453	0.338914166
454	0.3388574507
455	0.3387725816
456	0.3383780358
457	0.3381256278
458	0.3380603395
459	0.3379858369
460	0.3380430192
461	0.3379679305
462	0.3378656889
463	0.3379288848
464	0.3378744686
465	0.3377220055
466	0.3375684674
467	0.336958395
468	0.3369337206
469	0.3366694398
470	0.3366179108
471	0.3365855867
472	0.3364285082
473	0.3361909293
474	0.3359680562
475	0.3354655533
476	0.3350032934
477	0.3349644823
478	0.3349879744
479	0.3344941723
480	0.3344300256
481	0.3343808675
482	0.3343404338
483	0.3342177576
484	0.3342269348
485	0.334155169
486	0.334037076
487	0.3338555726
488	0.3338358279
489	0.3338388454
490	0.3337572567
491	0.3337353405
492	0.3337051242
493	0.3334432591
494	0.3333756931
495	0.3332827599
496	0.3332385645
497	0.3331832374
498	0.3331491642
499	0.333137827
500	0.332816141
501	0.3326255902
502	0.3325993751
503	0.3325749937
504	0.3320356285
505	0.3320133752
506	0.3319871553
507	0.3311409071
508	0.3310648118
509	0.3310620044
510	0.3309838205
511	0.3305719467
512	0.3304653654
513	0.3304337335
514	0.3304190901
515	0.3299958542
516	0.3299223434
517	0.3298870225
518	0.3293444976
519	0.3293742936
520	0.3293241217
521	0.3292523846
522	0.3288383767
523	0.3288346519
524	0.3282354502
525	0.3282085724
526	0.3280694982
527	0.3280476951
528	0.3280224667
529	0.327957229
530	0.3278896387
531	0.3277579426
532	0.3274545568
533	0.3273827166
534	0.3272583257
535	0.3271836572
536	0.3271457137
537	0.3269637789
538	0.326884439
539	0.3261584709
540	0.3259151858
541	0.3259088159
542	0.3259034084
543	0.3258570867
544	0.3258659343
545	0.3258697428
546	0.3258080514
547	0.3253895435
548	0.3251171019
549	0.3251056893
550	0.3248165807
551	0.3247962565
552	0.3244199185
553	0.3243754112
554	0.3243429165
555	0.3241829222
556	0.3241351289
557	0.3241013174
558	0.3240792092
559	0.3240488083
560	0.3240301437
561	0.3240077655
562	0.324008642
563	0.3239866073
564	0.3240669664
565	0.3240462527
566	0.3235793693
567	0.3235467492
568	0.3235312397
569	0.3234709796
570	0.3234318627
571	0.3234083775
572	0.323361893
573	0.323326388
574	0.3232207752
575	0.3231602466
576	0.3231222432
577	0.323128063
578	0.3231263518
579	0.3230901938
580	0.32302954
581	0.3229721053
582	0.3228536802
583	0.3226001787
584	0.3222353779
585	0.3221217357
586	0.3245163591
587	0.3244698033
588	0.3240918693
589	0.3240670324
590	0.3237646242
591	0.3237436515
592	0.3237075694
593	0.3236972009
594	0.323138579
595	0.3230237005
596	0.3223498759
597	0.3223439869
598	0.3223039584
599	0.322297499
600	0.3221528363
601	0.3221220857
602	0.3220766139
603	0.3220285173
604	0.321399091
605	0.3210356539
606	0.3210193526
607	0.3212828847
608	0.3210529088
609	0.3211155259
610	0.3210244329
611	0.321012021
612	0.3209921757
613	0.3209793517
614	0.3209485241
615	0.3209386486
616	0.320935162
617	0.3202831857
618	0.3202642835
619	0.3202531724
620	0.3201818853
621	0.3201053617
622	0.3200956654
623	0.32007243
624	0.3200607118
625	0.3200252708
626	0.3198048367
627	0.3197046287
628	0.3196076729
629	0.3195789539
630	0.3195672131
631	0.319557484
632	0.3195528798
633	0.3195414462
634	0.3184114488
635	0.3184447516
636	0.3184028898
637	0.3183847711
638	0.3183470579
639	0.3181830358
640	0.3181461566
641	0.3180691172
642	0.3180433511
643	0.3180419929
644	0.3178603763
645	0.3178605567
646	0.3178365717
647	0.3177511499
648	0.3177161641
649	0.3176858528
650	0.3176767015
651	0.3176319388
652	0.317607455
653	0.3170783307
654	0.3170765603
655	0.3170607669
656	0.3170599866
657	0.3170492221
658	0.3169435395
659	0.315604924
660	0.315570229
661	0.3146821632
662	0.3146732152
663	0.3145851264
664	0.3145605792
665	0.3145253394
666	0.3144611394
667	0.3144343657
668	0.3144200977
669	0.3143378952
670	0.3143259614
671	0.3143162018
672	0.3133625483
673	0.3133188612
674	0.3132683002
675	0.3132646237
676	0.3132204931
677	0.3131981638
678	0.313165833
679	0.3131426128
680	0.3131345213
681	0.3130983444
682	0.312791065
683	0.3127760689
684	0.3127280316
685	0.3124593497
686	0.3124550564
687	0.3120647293
688	0.312053954
689	0.312033012
690	0.3119738449
691	0.3119455515
692	0.3119286679
693	0.3117498773
694	0.3117482755
695	0.3117032182
696	0.3116098822
697	0.3115653933
698	0.3115317429
699	0.3114998096
700	0.3114600809
701	0.3114525902
702	0.311355215
703	0.3111143883
704	0.3110716653
705	0.3110633826
706	0.3108791809
707	0.3103072837
708	0.3102807653
709	0.3102672683
710	0.3097022161
711	0.3096183158
712	0.3095925029
713	0.3094432809
714	0.3094009366
715	0.3093800181
716	0.3089566122
717	0.3089165475
718	0.308873135
719	0.308829599
720	0.3087926529
721	0.3087058228
722	0.3085199324
723	0.3078968416
724	0.3078893316
725	0.3078869498
726	0.3078729937
727	0.3077756044
728	0.3072019958
729	0.3070421096
730	0.3069864235
731	0.3069307238
732	0.3067462879
733	0.3067316494
734	0.3067201075
735	0.3066840859
736	0.306674947
737	0.3062260437
738	0.3062174986
739	0.3062125146
740	0.3056732642
741	0.3049022215
742	0.304861271
743	0.3048610588
744	0.3048504436
745	0.3048309064
746	0.3048203087
747	0.3047633435
748	0.3047402509
749	0.3046944226
750	0.3046742536
751	0.3045500338
752	0.3044974218
753	0.3040831455
754	0.3038972308
755	0.3038563029
756	0.3037881261
757	0.3001234697
758	0.3001167404
759	0.300068838
760	0.3000510084
761	0.3000513569
762	0.3000579549
763	0.2993937144
764	0.2993749509
765	0.2988428442
766	0.2984633931
767	0.29822882
768	0.2981935537
769	0.2981298282
770	0.2981078371
771	0.2977442799
772	0.2977251615
773	0.297680955
774	0.2975108053
775	0.297477968
776	0.2974169532
777	0.2973356184
778	0.297297956
779	0.2971779465
780	0.297111319
781	0.2972607234
782	0.2971395954
783	0.2970832364
784	0.2970446861
785	0.2970322479
786	0.2968763865
787	0.2967722542
788	0.2967660775
789	0.2964330421
790	0.2964057911
791	0.2963695721
792	0.2963474057
793	0.2960813668
794	0.2960789749
795	0.2960703008
796	0.2959308841
797	0.2959268522
798	0.2959166758
799	0.2958604376
800	0.2958456922
801	0.2958190925
802	0.2958049628
803	0.2958044412
804	0.2955072631
805	0.2954939564
806	0.2953879757
807	0.2953814088
808	0.2953572049
809	0.2953479064
810	0.2952564216
811	0.2951747844
812	0.2951410516
813	0.2951312098
814	0.2951264393
815	0.2951290749
816	0.2951208585
817	0.295124754
818	0.2951199116
819	0.2950862611
820	0.2950828317
821	0.29506211
822	0.2950841924
823	0.2948557929
824	0.2948034496
825	0.2947780815
826	0.2946017193
827	0.2945824646
828	0.2941963363
829	0.2941526583
830	0.2941365195
831	0.293658925
832	0.2936445666
833	0.2936450474
834	0.2936385783
835	0.2935329543
836	0.2935235737
837	0.2934705432
838	0.293304324
839	0.2932313599
840	0.2931804445
841	0.2930989802
842	0.2930150788
843	0.2927342196
844	0.2927151156
845	0.2927086555
846	0.2924933787
847	0.2918501329
848	0.2918190608
849	0.2916216446
850	0.291580162
851	0.291539564
852	0.2915020672
853	0.2914403602
854	0.2913609311
855	0.2912463976
856	0.2912354853
857	0.2912092726
858	0.2911503284
859	0.2911354484
860	0.2906922204
861	0.2897172927
862	0.2896954255
863	0.2896948631
864	0.2896806536
865	0.2896585033
866	0.289566429
867	0.2895494273
868	0.2894629479
869	0.2894041778
870	0.2893824421
871	0.2890676727
872	0.2890499615
873	0.2888701593
874	0.2887770269
875	0.2887730366
876	0.2887270163
877	0.2886841314
878	0.2886571571
879	0.2886359776
880	0.2884241195
881	0.2884055712
882	0.2884043414
883	0.2883983176
884	0.2883950122
885	0.2883630345
886	0.2883600477
887	0.2881738541
888	0.2881626942
889	0.2881449237
890	0.2881313719
891	0.2881104713
892	0.2880876528
893	0.2879621075
894	0.2879573171
895	0.2871855202
896	0.28709896
897	0.2870696958
898	0.2870569623
899	0.2870305677
900	0.2863534433
901	0.2863385026
902	0.2863108959
903	0.2863232658
904	0.2860467116
905	0.2860173773
906	0.285911155
907	0.2858403842
908	0.2857314585
909	0.2857264738
910	0.2856988994
911	0.2856924177
912	0.2856820805
913	0.285346044
914	0.2853428211
915	0.2853177054
916	0.2852870808
917	0.2852740519
918	0.2852699156
919	0.2852669792
920	0.2851547985
921	0.2850480812
922	0.2850446023
923	0.2850184979
924	0.2850055184
925	0.2850031665
926	0.2849706358
927	0.2849083067
928	0.2849027634
929	0.2848681606
930	0.2848585462
931	0.2848611405
932	0.2848552341
933	0.2848348773
934	0.2848099724
935	0.2846664601
936	0.2843364259
937	0.2843326453
938	0.284310807
939	0.284330458
940	0.2843314599
941	0.2843283486
942	0.2842430261
943	0.2842227483
944	0.284218103
945	0.2842172255
946	0.2842381439
947	0.2842311648
948	0.284190976
949	0.2841833833
950	0.2839794696
951	0.2838131662
952	0.2838076137
953	0.2837540742
954	0.2836593252
955	0.283664086
956	0.2836764366
957	0.2829338771
958	0.2829051084
959	0.282894565
960	0.2828980132
961	0.2829131288
962	0.2828763149
963	0.282882538
964	0.2827941669
965	0.282788204
966	0.2827849165
967	0.2827806749
968	0.2827716187
969	0.282770542
970	0.2826900879
971	0.282689303
972	0.2826710918
973	0.2826349894
974	0.282629639
975	0.2826183979
976	0.2825635802
977	0.2825376623
978	0.2824231313
979	0.2824211154
980	0.282321373
981	0.2822992811
982	0.2822901166
983	0.2820561438
984	0.2820250663
985	0.2820206184
986	0.2820117666
987	0.2819993117
988	0.2819674035
989	0.2819587567
990	0.2819197886
991	0.2819161902
992	0.2818876408
993	0.2818382946
994	0.2816789644
995	0.2816765652
996	0.2816225706
997	0.2815429625
998	0.2813675467
999	0.2813640771
1000	0.2813612078
1001	0.2813442276
1002	0.2812585263
1003	0.2812315458
1004	0.2812230431
1005	0.2812175168
1006	0.2812106812
1007	0.2811832391
1008	0.2810216196
1009	0.2810164809
1010	0.2808858282
1011	0.280786208
1012	0.2807850076
1013	0.2807866827
1014	0.2807127419
1015	0.280647291
1016	0.2806103328
1017	0.2805595906
1018	0.2804757331
1019	0.2804655881
1020	0.2804263891
1021	0.2800078119
1022	0.279972724
1023	0.2799398967
1024	0.2797751967
1025	0.2797170833
1026	0.2797106187
1027	0.2796772531
1028	0.2796709887
1029	0.2795796185
1030	0.2793269093
1031	0.2793016784
1032	0.2792368813
1033	0.2790704061
1034	0.279073818
1035	0.2789393814
1036	0.2789371771
1037	0.2788586393
1038	0.2788358036
1039	0.2786599152
1040	0.2786518089
1041	0.2786397788
1042	0.2785274494
1043	0.2784944302
1044	0.278496438
1045	0.278463641
1046	0.27843616
1047	0.2784276698
1048	0.2784169396
1049	0.2784097212
1050	0.278384556
1051	0.2783838633
1052	0.2783656413
1053	0.278345595
1054	0.2783432941
1055	0.2782879418
1056	0.2782787257
1057	0.2782461027
1058	0.278229276
1059	0.2782274598
1060	0.2782195808
1061	0.2779202191
1062	0.2779152595
1063	0.2779148684
1064	0.2779125064
1065	0.2778889293
1066	0.2778635354
1067	0.2778478382
1068	0.2777233076
1069	0.2776363893
1070	0.2776233702
1071	0.2775929085
